{
  "app-items": [
    {
      "name": "ADB驱动",
      "version": "",
      "description": "adb的驱动",
      "download-link": "https://www.123pan.com/s/a8uKVv-ehYVh.html"
    },
    {
      "name": "9008驱动",
      "version": "",
      "description": "Qualcomm9008驱动",
      "download-link": "https://www.123pan.com/s/a8uKVv-thYVh.html"
    },
    {
      "name": "星海",
      "version": "",
      "description": "微软运行库（解决星海打不开）",
      "download-link": "https://www.123pan.com/s/a8uKVv-ihYVh.html"
    },
    {
      "name": "安卓驱动",
      "version": "",
      "description": "安卓驱动的集合",
      "download-link": "https://www.123pan.com/s/a8uKVv-zhYVh.html"
    },
    {
      "name": "CH341A驱动",
      "version": "",
      "description": "CH341A通用驱动",
      "download-link": "https://www.123pan.com/s/a8uKVv-LhYVh.html"
    },
    {
      "name": "at驱动",
      "version": "",
      "description": "asr安装at驱动",
      "download-link": "https://www.123pan.com/s/a8uKVv-5hYVh.html"
    },
    {
      "name": "中兴微驱动",
      "version": "",
      "description": "中兴微驱动（解压完后关闭进度条窗口）",
      "download-link": "https://www.123pan.com/s/a8uKVv-qhYVh.html"
    }
  ]
}