[
  {
    "name": "sp-link",
    "note": "wifi6的tm70_S1.3版本，先安装深度刷机驱动，然后打开刷机的bat，按着重置键，然后USB连接数据线，如果刷机程序已经开始执行，可以松开重置键，然后输入yes，然后直接刷机成功",
    "source": "小陈同学",
    "downloads": [
      {
        "label": "下载①",
        "url": "https://www.123pan.com/s/a8uKVv-5rFVh.html"
      }
    ]
  },
  {
    "name": "纽曼8m",
    "note": "纽曼WiFi6_F231ZC_V2.2全功能去控",
    "source": "dajb",
    "downloads": [
      {
        "label": "下载①",
        "url": "https://www.123pan.com/s/a8uKVv-6rFVh.html"
      }
    ]
  },
  {
    "name": "果迷MTK透明款",
    "note": "透明款无密码切卡固件有5gWiFi的完整板子",
    "source": "哎呀啧",
    "downloads": [
      {
        "label": "下载①",
        "url": "https://www.123pan.com/s/a8uKVv-yrFVh.html"
      }
    ]
  },
  {
    "name": "果迷MTK透明款",
    "note": "透明款无密码切卡固件没5gWiFi的阉割板子",
    "source": "哎呀啧",
    "downloads": [
      {
        "label": "下载①",
        "url": "https://www.123pan.com/s/a8uKVv-VrFVh.html"
      }
    ]
  },
  {
    "name": "ec25q",
    "note": "ec25q1.1版本",
    "source": "把你发配到沙勒",
    "downloads": [
      {
        "label": "下载①",
        "url": "https://www.123pan.com/s/a8uKVv-jrFVh.html"
      }
    ]
  },
  {
    "name": "新讯小飞碟",
    "note": "X2全功能",
    "source": "企鹅君Punguin",
    "downloads": [
      {
        "label": "下载①",
        "url": "https://www.123pan.com/s/a8uKVv-prFVh.html"
      }
    ]
  },
  {
    "name": "TZ10X",
    "note": "TZ103 V1.2去控包",
    "source": "企鹅君Punguin",
    "downloads": [
      {
        "label": "下载①",
        "url": "https://www.123pan.com/s/a8uKVv-IrFVh.html"
      }
    ]
  },
  {
    "name": "TZ10X",
    "note": "TZ103sV1.1去控包",
    "source": "企鹅君Punguin",
    "downloads": [
      {
        "label": "下载①",
        "url": "https://www.123pan.com/s/a8uKVv-JrFVh.html"
      }
    ]
  },
  {
    "name": "TZ10X",
    "note": "TZ103sV1.4普通版(老款)",
    "source": "kaicheatao",
    "downloads": [
      {
        "label": "下载①",
        "url": "https://www.123pan.com/s/a8uKVv-MrFVh.html"
      }
    ]
  },
  {
    "name": "信丰伟业16m",
    "note": "彩屏京东云f231-v2.1-P001",
    "source": "企鹅君Punguin",
    "downloads": [
      {
        "label": "下载①",
        "url": "https://www.123pan.com/s/a8uKVv-wrFVh.html"
      }
    ]
  },
  {
    "name": "信丰伟业16m",
    "note": "彩屏京东云P006原机备份",
    "source": "企鹅君Punguin",
    "downloads": [
      {
        "label": "下载①",
        "url": "https://www.123pan.com/s/a8uKVv-grFVh.html"
      }
    ]
  },
  {
    "name": "信丰伟业16m",
    "note": "电池机纽曼原装包F231ZC(2024年4月生产)",
    "source": "企鹅君Punguin",
    "downloads": [
      {
        "label": "下载①",
        "url": "https://www.123pan.com/s/a8uKVv-FrFVh.html"
      }
    ]
  },
  {
    "name": "信丰伟业16m",
    "note": "纽曼去控(MTD)全功能",
    "source": "企鹅君Punguin",
    "downloads": [
      {
        "label": "下载①",
        "url": "https://www.123pan.com/s/a8uKVv-YrFVh.html"
      }
    ]
  },
  {
    "name": "信丰伟业8M",
    "note": "长城761W全功能mtd4ps：761≠f231",
    "source": "企鹅君Punguin",
    "downloads": [
      {
        "label": "下载①",
        "url": "https://www.123pan.com/s/a8uKVv-GrFVh.html"
      }
    ]
  },
  {
    "name": "信丰伟业8M",
    "note": "【MTD4】半完美，先机761W(全功能)ps：761≠f231",
    "source": "企鹅君Punguin",
    "downloads": [
      {
        "label": "下载①",
        "url": "https://www.123pan.com/s/a8uKVv-PrFVh.html"
      }
    ]
  },
  {
    "name": "MZ803",
    "note": "2.1及以下固件",
    "source": "企鹅君Punguin",
    "downloads": [
      {
        "label": "下载①",
        "url": "https://www.123pan.com/s/a8uKVv-nrFVh.html"
      }
    ]
  },
  {
    "name": "MZ803",
    "note": "2.1及以下mtd4去控不是全功能",
    "source": "企鹅君Punguin",
    "downloads": [
      {
        "label": "下载①",
        "url": "https://www.123pan.com/s/a8uKVv-2rFVh.html"
      }
    ]
  },
  {
    "name": "UZ901",
    "note": "V2.1版本(mtd4)纳西达全功能",
    "source": "企鹅君Punguin",
    "downloads": [
      {
        "label": "下载①",
        "url": "https://www.123pan.com/s/a8uKVv-srFVh.html"
      }
    ]
  },
  {
    "name": "UZ901",
    "note": "V1.4版本(mtd4)",
    "source": "企鹅君Punguin",
    "downloads": [
      {
        "label": "下载①",
        "url": "https://www.123pan.com/s/a8uKVv-WrFVh.html"
      }
    ]
  },
  {
    "name": "MZ801",
    "note": "8M版本(去控)去除限速脚本(只适用于135频段机器)",
    "source": "企鹅君Punguin",
    "downloads": [
      {
        "label": "下载①",
        "url": "https://www.123pan.com/s/a8uKVv-CrFVh.html"
      }
    ]
  },
  {
    "name": "MZ801",
    "note": "16M版本(去控)",
    "source": "企鹅君Punguin",
    "downloads": [
      {
        "label": "下载①",
        "url": "https://www.123pan.com/s/a8uKVv-NrFVh.html"
      }
    ]
  },
  {
    "name": "ASR(翱捷)-MF801TC",
    "note": "MF801TC_SC_V05老版2月固件类型①MF801TC_SC_V05,V06有两个生产商所以这里的文件为俩份。刷错不会伤害设备,只会无WIFI,刷另一份即可。类型2的WIFI密码是3618679758",
    "source": "企鹅君Punguin",
    "downloads": [
      {
        "label": "下载①",
        "url": "https://www.123pan.com/s/a8uKVv-0rFVh.html"
      }
    ]
  },
  {
    "name": "ASR(翱捷)-MF801TC",
    "note": "MF801TC_SC_V06老版2月类型②MF801TC_SC_V05,V06有两个生产商所以这里的文件为俩份。刷错不会伤害设备,只会无WIFI,刷另一份即可。类型2的WIFI密码是3618679758",
    "source": "企鹅君Punguin",
    "downloads": [
      {
        "label": "下载①",
        "url": "https://www.123pan.com/s/a8uKVv-KrFVh.html"
      }
    ]
  },
  {
    "name": "ASR(翱捷)-MF8XX",
    "note": "MF801T_V03注意:V03为Micro USB口,属于WiFi4库存机",
    "source": "企鹅君Punguin",
    "downloads": [
      {
        "label": "下载①",
        "url": "https://www.123pan.com/s/a8uKVv-lrFVh.html"
      }
    ]
  },
  {
    "name": "ASR(翱捷)-MF8XX",
    "note": "MF811L_SC_D_V01 And V02雷胜羽半板WiFi6备份",
    "source": "企鹅君Punguin",
    "downloads": [
      {
        "label": "下载①",
        "url": "https://www.123pan.com/s/a8uKVv-7rFVh.html"
      }
    ]
  },
  {
    "name": "ASR(翱捷)-UF805",
    "note": "迅优UF805_V11救砖固件，说明:救砖固件刷完可能需要删除SN!具体短接@大豆小豆都是豆",
    "source": "企鹅君Punguin",
    "downloads": [
      {
        "label": "下载①",
        "url": "https://www.123pan.com/s/a8uKVv-erFVh.html"
      }
    ]
  },
  {
    "name": "ASR(翱捷)-UF805",
    "note": "UF805SL_SC_V02说明:若切卡点短接切卡后联网无WIFI就需要刷机",
    "source": "企鹅君Punguin",
    "downloads": [
      {
        "label": "下载①",
        "url": "https://www.123pan.com/s/a8uKVv-trFVh.html"
      }
    ]
  },
  {
    "name": "信丰伟业8M",
    "note": "UA600_WIFI4V3.1老版本无控说明:飞猫/华正无论U3还是U8都已换成UA600V3.1版固件虽没控,但有自动升级3.1版刷入后请尽快关闭升级使用市面上助手APP或删sn都可以关",
    "source": "企鹅君Punguin",
    "downloads": [
      {
        "label": "下载①",
        "url": "https://www.123pan.com/s/a8uKVv-zrFVh.html"
      }
    ]
  },
  {
    "name": "信丰伟业8M",
    "note": "V3.3新版本控iccid说明:飞猫/华正无论U3还是U8都已换成UA600V3.1版固件虽没控,但有自动升级3.1版刷入后请尽快关闭升级使用市面上助手APP或删sn都可以关",
    "source": "企鹅君Punguin",
    "downloads": [
      {
        "label": "下载①",
        "url": "https://www.123pan.com/s/a8uKVv-LrFVh.html"
      }
    ]
  },
  {
    "name": "SP-LINK/EAEONXE",
    "note": "SP-LINK/EAEONXE S1.3 短信收发固件",
    "source": "哎呀啧",
    "downloads": [
      {
        "label": "下载①",
        "url": "https://www.123pan.com/s/a8uKVv-pjFVh.html"
      }
    ]
  },
  {
    "name": "海尔761",
    "note": "海尔761&纽曼美化全功能后台",
    "source": "平生任烟雨",
    "downloads": [
      {
        "label": "下载①",
        "url": "https://www.123pan.com/s/a8uKVv-fjFVh.html"
      }
    ]
  },
  {
    "name": "长城761w",
    "note": "长城761w原固件及教程",
    "source": "平生任烟雨",
    "downloads": [
      {
        "label": "下载①",
        "url": "https://www.123pan.com/s/a8uKVv-ajFVh.html"
      }
    ]
  },
  {
    "name": "姿品MF761W_V1.1",
    "note": "姿品MF761W_V1.1_去云控_全功能后台_中兴微刷机0405",
    "source": "平生任烟雨",
    "downloads": [
      {
        "label": "下载①",
        "url": "https://www.123pan.com/s/a8uKVv-BjFVh.html"
      }
    ]
  },
  {
    "name": "讯优UF805SL",
    "note": "讯优UF805SL_SC_V02原厂",
    "source": "皮皮皮猫",
    "downloads": [
      {
        "label": "下载①",
        "url": "https://www.123pan.com/s/a8uKVv-JjFVh.html"
      }
    ]
  },
  {
    "name": "小米R1C毛老子",
    "note": "小米R1C毛老子__RT-AC54U-GPIO-30-xiaomimini-128M_3.4.3.9-099",
    "source": "皮皮皮猫",
    "downloads": [
      {
        "label": "下载①",
        "url": "https://www.123pan.com/s/a8uKVv-IjFVh.html"
      }
    ]
  },
  {
    "name": "影腾mf801tc",
    "note": "影腾mf801tc-sc-v05-0218无控（可用）",
    "source": "皮皮皮猫",
    "downloads": [
      {
        "label": "下载①",
        "url": "https://www.123pan.com/s/a8uKVv-MjFVh.html"
      }
    ]
  },
  {
    "name": "小米R3G-毛老子",
    "note": "小米R3G-毛老子 MI-R3G_3.4.3.9-099",
    "source": "皮皮皮猫",
    "downloads": [
      {
        "label": "下载①",
        "url": "https://www.123pan.com/s/a8uKVv-wjFVh.html"
      }
    ]
  },
  {
    "name": "黑武士",
    "note": "黑武士去控原固件美化后台",
    "source": "快乐小飞象",
    "downloads": [
      {
        "label": "下载①",
        "url": "https://www.123pan.com/s/a8uKVv-gjFVh.html"
      }
    ]
  },
  {
    "name": "黑武士",
    "note": "黑武士原固件去控中兴微全功能后台",
    "source": "快乐小飞象",
    "downloads": [
      {
        "label": "下载①",
        "url": "https://www.123pan.com/s/a8uKVv-FjFVh.html"
      }
    ]
  },
  {
    "name": "MFX32(带BL)",
    "note": "MFX32(带BL)(Miko刷)MFX32_v2.0带控",
    "source": "企鹅君Punguin",
    "downloads": [
      {
        "label": "下载①",
        "url": "https://www.123pan.com/s/a8uKVv-YjFVh.html"
      }
    ]
  },
  {
    "name": "迅优",
    "note": "ASR1803S电池机通用固件，刷完之后可恢复出厂、去控",
    "source": "仲夏夜之幻",
    "downloads": [
      {
        "label": "下载①",
        "url": "https://www.123pan.com/s/a8uKVv-W0FVh.html"
      }
    ]
  },
  {
    "name": "410刷debian",
    "note": "410随身wifi-debian12系统-6.4内核支持型号全面，支持ufix0x、ldw9xx、uz801、MF32、MF601、MF601s系列棒子",
    "source": "jsbsbxjxh66",
    "downloads": [
      {
        "label": "下载①",
        "url": "https://www.123pan.com/s/a8uKVv-FKFVh.html"
      }
    ]
  },
  {
    "name": "阿乐卡MF650S",
    "note": "用sdp工具刷入system，塞入8080后台/塞入ssh:默认密码root/塞入网页终端:端口9090无需登入密码，屏蔽飞流域名 删除飞流云控程序",
    "source": "酷铵水遍",
    "downloads": [
      {
        "label": "下载①",
        "url": "https://www.123pan.com/s/a8uKVv-2KFVh.html"
      }
    ]
  },
  {
    "name": "金菠萝JC09-2024",
    "note": "（含1.0&2.0版本）去控，开adb，本刷机包不是全分区，不适合救砖，只勾选fdl1 fdl2 system userdata分区刷，别的不要勾选",
    "source": "酷铵水遍",
    "downloads": [
      {
        "label": "下载①",
        "url": "https://www.123pan.com/s/a8uKVv-nKFVh.html"
      }
    ]
  },
  {
    "name": "格行屏幕TM70",
    "note": "刷机说明，正常情况下只刷system和userdata，如果被云控过几分钟重启的话，就boot和system还有userdata三个分区一起刷，别的分区别碰",
    "source": "酷铵水遍",
    "downloads": [
      {
        "label": "下载①",
        "url": "https://www.123pan.com/s/a8uKVv-WKFVh.html"
      }
    ]
  },
  {
    "name": "210系",
    "note": "恒源光(8G ROM) V3.2固件",
    "source": "Zy143L",
    "downloads": [
      {
        "label": "下载①",
        "url": "https://www.123pan.com/s/a8uKVv-FvYVh.html"
      }
    ]
  },
  {
    "name": "210系",
    "note": "注意 帕米康 刷机后 插拔即可开机 恒源需要插拔 红灯 2分钟后从新插拔  即可(需要二次启动(仅首次))",
    "source": "Zy143L",
    "downloads": [
      {
        "label": "下载①",
        "url": "https://www.123pan.com/s/a8uKVv-YvYVh.html"
      }
    ]
  },
  {
    "name": "210系通用",
    "note": "经过测试 CPU 步进为4VV/4AA的无法接收电信短信(蓝色板子210通刷)(一定要备份!)",
    "source": "Zy143L",
    "downloads": [
      {
        "label": "下载①",
        "url": "https://www.123pan.com/s/a8uKVv-GvYVh.html"
      }
    ]
  },
  {
    "name": "讯唐001c",
    "note": "讯唐001的miko救砖包，预装好桌面,re管理器，面具带root",
    "source": "开车人",
    "downloads": [
      {
        "label": "下载①",
        "url": "https://www.123pan.com/s/a8uKVv-PvYVh.html"
      }
    ]
  }
]